,author,author_type,link,city,deal_type,accommodation_type,floor,floors_count,rooms_count,total_meters,price_per_m2,price_per_month,commissions,district,street,house_number,underground
0,ID 65185661,homeowner,https://ekb.cian.ru/rent/flat/295070427/,Екатеринбург,rent,flat,4,5,1,41.0,609,25000,0,Кировский,переулок Асбестовский,,
1,ID 15798070,homeowner,https://ekb.cian.ru/rent/flat/292524982/,Екатеринбург,rent,flat,9,26,2,60.0,500,30000,0,Орджоникидзевский,проспект Космонавтов,91Б,Проспект Космонавтов
2,ID 24866919,unknown,https://ekb.cian.ru/rent/flat/294853237/,Екатеринбург,rent,flat,3,5,2,60.0,266,16000,0,Центр, Восточная,80Б,Площадь 1905 года
3,ID 92673635,homeowner,https://ekb.cian.ru/rent/flat/275250680/,Екатеринбург,rent,flat,4,9,1,33.0,909,30000,0,Орджоникидзевский, Индустрии,53,Проспект Космонавтов
4,ID 102723083,homeowner,https://ekb.cian.ru/rent/flat/294980319/,Екатеринбург,rent,flat,14,17,1,38.1,498,19000,0,мкр. Широкая Речка, Хрустальногорская,84,
5,ID 16467620,homeowner,https://ekb.cian.ru/rent/flat/294915485/,Екатеринбург,rent,flat,1,5,1,22.0,500,11000,0,Чкаловский, Косарева,19,
6,ID 95023639,homeowner,https://ekb.cian.ru/rent/flat/295047441/,Екатеринбург,rent,flat,5,9,2,52.0,384,20000,0,Автовокзал, Фурманова,35,Чкаловская
7,ID 64764831,unknown,https://ekb.cian.ru/rent/flat/294980905/,Екатеринбург,rent,flat,2,10,3,90.0,1666,150000,0,Центр, Радищева,24,Геологическая
8,ID 108210685,realtor,https://ekb.cian.ru/rent/flat/294075401/,Екатеринбург,rent,flat,22,22,1,51.0,490,25000,0,Кировский, Библиотечная,50А,
9,ID 109697932,homeowner,https://ekb.cian.ru/rent/flat/294851278/,Екатеринбург,rent,flat,15,16,2,73.0,547,40000,0,Кировский, Уральская,75,Динамо
10,Антон Кремлев,realtor,https://ekb.cian.ru/rent/flat/294439397/,Екатеринбург,rent,flat,9,9,3,115.0,608,70000,0,Центр, Хохрякова,72,Геологическая
11,Первая Мастерская Недвижимости,real_estate_agent,https://ekb.cian.ru/rent/flat/294568918/,Екатеринбург,rent,flat,3,8,1,41.0,731,30000,0,Верх-Исетский, Татищева,88,Площадь 1905 года
12,ID 70812617,real_estate_agent,https://ekb.cian.ru/rent/flat/294985122/,Екатеринбург,rent,flat,18,25,1,35.0,742,26000,0,Железнодорожный,переулок Мельковский,4,Уральская
13,ID 15509340,homeowner,https://ekb.cian.ru/rent/flat/295047372/,Екатеринбург,rent,flat,3,16,1,40.0,700,28000,0,Верх-Исетский, Бебеля,126,Уральская
14,Все о недвижимости,real_estate_agent,https://ekb.cian.ru/rent/flat/294851594/,Екатеринбург,rent,flat,13,15,1,37.0,540,20000,0,, Краснолесья,93,Геологическая
15,ID 75420952,homeowner,https://ekb.cian.ru/rent/flat/295015345/,Екатеринбург,rent,flat,4,9,1,38.0,763,29000,0,Верх-Исетский, Радищева,63,Геологическая
16,ID 54977413,homeowner,https://ekb.cian.ru/rent/flat/236754275/,Екатеринбург,rent,flat,4,5,1,33.0,909,30000,0,Октябрьский, Луначарского,218,Геологическая
17,ID 102791211,realtor,https://ekb.cian.ru/rent/flat/294845587/,Екатеринбург,rent,flat,3,5,1,31.8,974,31000,0,Центр, Бажова,125,Площадь 1905 года
18,ID 51078482,homeowner,https://ekb.cian.ru/rent/flat/294847949/,Екатеринбург,rent,flat,10,17,1,44.4,788,35000,0,Верх-Исетский, Татищева,49,
19,ID 94801305,homeowner,https://ekb.cian.ru/rent/flat/293207632/,Екатеринбург,rent,flat,4,5,2,45.0,666,30000,0,Верх-Исетский, Шаумяна,98к2,Геологическая
20,ID 21523418,homeowner,https://ekb.cian.ru/rent/flat/293627285/,Екатеринбург,rent,flat,1,3,1,30.0,666,20000,0,Орджоникидзевский,проспект Космонавтов,73,Проспект Космонавтов
21,ID 100339708,homeowner,https://ekb.cian.ru/rent/flat/294708733/,Екатеринбург,rent,flat,3,9,1,33.0,906,29900,0,Центр, Шейнкмана,4,Площадь 1905 года
22,ID 49611766,unknown,https://ekb.cian.ru/rent/flat/294399346/,Екатеринбург,rent,flat,20,27,1,40.0,1050,42000,0,Автовокзал, Союзная,27,Чкаловская
23,ID 66999322,homeowner,https://ekb.cian.ru/rent/flat/294876998/,Екатеринбург,rent,flat,4,9,1,27.0,444,12000,0,Кировский, Комвузовская,21Г,Площадь 1905 года
24,ID 101428184,homeowner,https://ekb.cian.ru/rent/flat/285533129/,Екатеринбург,rent,flat,13,16,1,50.0,700,35000,0,Автовокзал, Авиационная,63к1,Чкаловская
25,Ольга Шестакова,realtor,https://ekb.cian.ru/rent/flat/295070474/,Екатеринбург,rent,flat,5,23,1,23.0,565,13000,0,Чкаловский,Светлый мкр,8,Ботаническая
26,Марина Коломиец,realtor,https://ekb.cian.ru/rent/flat/294815717/,Екатеринбург,rent,flat,1,5,1,31.0,741,23000,0,Верх-Исетский, Викулова,28,Площадь 1905 года
27,Максим Колясников,realtor,https://ekb.cian.ru/rent/flat/295000286/,Екатеринбург,rent,flat,5,5,2,43.0,465,20000,0,Кировский, Пионеров,12к1,
28,ID 38587103,realtor,https://ekb.cian.ru/rent/flat/294880341/,Екатеринбург,rent,flat,4,5,1,27.4,729,20000,0,Ленинский, Серафимы Дерябиной,45,Геологическая
29,Новый ориентир,real_estate_agent,https://ekb.cian.ru/rent/flat/295068461/,Екатеринбург,rent,flat,17,17,1,25.0,800,20000,0,Чкаловский, Рощинская,29,
30,Максим Колясников,realtor,https://ekb.cian.ru/rent/flat/295072791/,Екатеринбург,rent,flat,4,5,1,31.0,645,20000,0,Орджоникидзевский, Кобозева,14,Проспект Космонавтов
31,ID 33853681,homeowner,https://ekb.cian.ru/rent/flat/237462843/,Екатеринбург,rent,flat,5,5,1,30.0,400,12000,0,Октябрьский, Летняя,5,
32,Новый ориентир,real_estate_agent,https://ekb.cian.ru/rent/flat/295036343/,Екатеринбург,rent,flat,5,5,1,20.0,1000,20000,0,Верх-Исетский, Евгения Савкова,46,
33,ID 85603556,homeowner,https://ekb.cian.ru/rent/flat/294710468/,Екатеринбург,rent,flat,8,9,1,33.0,818,27000,0,Верх-Исетский, Белореченская,32,Чкаловская
34,Максим Колясников,realtor,https://ekb.cian.ru/rent/flat/294981130/,Екатеринбург,rent,flat,4,16,1,40.0,550,22000,0,, Павла Шаманова,28,Геологическая
35,Максим Колясников,realtor,https://ekb.cian.ru/rent/flat/294988167/,Екатеринбург,rent,flat,5,9,2,43.0,511,22000,0,Орджоникидзевский, Восстания,93,Проспект Космонавтов
36,ID 69258944,homeowner,https://ekb.cian.ru/rent/flat/295015017/,Екатеринбург,rent,flat,8,9,1,28.0,464,13000,0,Ленинский, Начдива Онуфриева,46,
37,ID 108210685,realtor,https://ekb.cian.ru/rent/flat/294988812/,Екатеринбург,rent,flat,7,20,1,40.0,500,20000,0,, Суходольская,47,Геологическая
38,Максим Колясников,realtor,https://ekb.cian.ru/rent/flat/295016647/,Екатеринбург,rent,flat,4,4,1,38.0,605,23000,0,Кировский, Маяковского,29,
39,ID 108210685,realtor,https://ekb.cian.ru/rent/flat/294075435/,Екатеринбург,rent,flat,2,5,1,35.0,600,21000,0,Кировский, Мира,2,
40,Высота,real_estate_agent,https://ekb.cian.ru/rent/flat/294652221/,Екатеринбург,rent,flat,3,25,1,48.0,479,23000,0,Ленинский, Чкалова,231,Чкаловская
41,Новый ориентир,real_estate_agent,https://ekb.cian.ru/rent/flat/295068453/,Екатеринбург,rent,flat,4,5,1,40.0,625,25000,0,Ленинский, Барвинка,20,
42,Павел Скарулин,realtor,https://ekb.cian.ru/rent/flat/294980290/,Екатеринбург,rent,flat,12,16,2,52.0,480,25000,0,, Соболева,21к5,Геологическая
43,ID 109512480,homeowner,https://ekb.cian.ru/rent/flat/294777023/,Екатеринбург,rent,flat,1,2,2,42.0,547,23000,0,Верх-Исетский, Чердынская,56,Геологическая
44,Вячеслав Шевченко,realtor,https://ekb.cian.ru/rent/flat/295017063/,Екатеринбург,rent,flat,4,4,1,31.0,741,23000,0,Кировский, Маяковского,29,
45,Городок Арамиль,real_estate_agent,https://ekb.cian.ru/rent/flat/295056415/,Екатеринбург,rent,flat,15,34,1,49.0,448,22000,0,Октябрьский, Белинского,177Ак3,Ботаническая
46,ID 109905608,homeowner,https://ekb.cian.ru/rent/flat/295020913/,Екатеринбург,rent,flat,10,14,1,33.0,500,16500,0,Кировский,бульвар Сиреневый,19А,Геологическая
47,РИМ,real_estate_agent,https://ekb.cian.ru/rent/flat/295057164/,Екатеринбург,rent,flat,3,9,2,46.0,478,22000,0,Орджоникидзевский, Шефская,95,
48,Вячеслав Шевченко,realtor,https://ekb.cian.ru/rent/flat/295016344/,Екатеринбург,rent,flat,5,19,1,42.0,642,27000,0,Верх-Исетский, Токарей,27к2,
49,ID 7487412,realtor,https://ekb.cian.ru/rent/flat/295055854/,Екатеринбург,rent,flat,8,12,1,35.0,400,14000,0,Ленинский, Амундсена,54к2,Чкаловская
50,Максим Колясников,realtor,https://ekb.cian.ru/rent/flat/295001368/,Екатеринбург,rent,flat,4,26,1,40.0,650,26000,0,Чкаловский, Крестинского,8,
51,Северная казна,real_estate_agent,https://ekb.cian.ru/rent/flat/295030378/,Екатеринбург,rent,flat,6,9,1,40.8,710,29000,0,Верх-Исетский, Фролова,31,
52,Европа Центр,real_estate_agent,https://ekb.cian.ru/rent/flat/295023322/,Екатеринбург,rent,flat,9,9,1,10.0,1100,11000,0,Железнодорожный, Автомагистральная,15,Уралмаш
53,Вячеслав Шевченко,realtor,https://ekb.cian.ru/rent/flat/294996674/,Екатеринбург,rent,flat,2,9,1,32.0,937,30000,0,Центр, Шейнкмана,45,Площадь 1905 года
54,Максим Колясников,realtor,https://ekb.cian.ru/rent/flat/295002003/,Екатеринбург,rent,flat,4,19,1,45.0,666,30000,0,Орджоникидзевский, Стачек,4,
55,ID 108210685,realtor,https://ekb.cian.ru/rent/flat/294499925/,Екатеринбург,rent,flat,2,2,1,40.0,500,20000,0,Кировский,переулок Лобачевского,3,Площадь 1905 года
56,БЕЛКА,real_estate_agent,https://ekb.cian.ru/rent/flat/295055307/,Екатеринбург,rent,flat,9,37,3,78.6,572,45000,0,Автовокзал, Машинная,1Б/5,Чкаловская
57,f.center,real_estate_agent,https://ekb.cian.ru/rent/flat/295072745/,Екатеринбург,rent,flat,19,33,1,54.0,1111,60000,0,Центр, Хохрякова,63,Геологическая
58,ID 105517458,unknown,https://ekb.cian.ru/rent/flat/294347493/,Екатеринбург,rent,flat,4,6,3,53.0,471,25000,0,Чкаловский, Дошкольная,2,Ботаническая
59,Золотая рыбка Екатеринбург,real_estate_agent,https://ekb.cian.ru/rent/flat/295030426/,Екатеринбург,rent,flat,14,25,3,86.0,930,80000,0,Верх-Исетский, Московская,70,Геологическая
60,Этажи Екатеринбург,real_estate_agent,https://ekb.cian.ru/rent/flat/295055135/,Екатеринбург,rent,flat,5,5,2,43.0,465,20000,0,Верх-Исетский, Посадская,81,
61,Вячеслав Шевченко,realtor,https://ekb.cian.ru/rent/flat/294733398/,Екатеринбург,rent,flat,14,17,1,38.0,473,18000,0,Октябрьский, Ракетная,20,
62,БК-НЕДВИЖИМОСТЬ,real_estate_agent,https://ekb.cian.ru/rent/flat/294986784/,Екатеринбург,rent,flat,2,25,1,38.4,598,23000,0,мкр. Широкая Речка, Евгения Савкова,8,
63,Резиденция,real_estate_agent,https://ekb.cian.ru/rent/flat/295003368/,Екатеринбург,rent,flat,9,16,3,85.7,525,45000,0,Железнодорожный,проспект Космонавтов,11А,
64,ID 88494129,realtor,https://ekb.cian.ru/rent/flat/280327232/,Екатеринбург,rent,flat,2,5,1,30.0,566,17000,0,Верх-Исетский, Викулова,33/2,
65,ДОМ.РФ Аренда,real_estate_agent,https://ekb.cian.ru/rent/flat/295056757/,Екатеринбург,rent,flat,7,7,2,65.1,976,63600,0,Ленинский, Шаумяна,24,
66,ДОБРОДЕЛ,real_estate_agent,https://ekb.cian.ru/rent/flat/294981414/,Екатеринбург,rent,flat,1,5,1,27.0,666,18000,0,Верх-Исетский, Заводская,18,Площадь 1905 года
67,ID 56335543,unknown,https://ekb.cian.ru/rent/flat/294870389/,Екатеринбург,rent,flat,5,5,2,44.0,454,20000,0,Автовокзал, Фрунзе,53,Чкаловская
68,f.center,real_estate_agent,https://ekb.cian.ru/rent/flat/294961973/,Екатеринбург,rent,flat,16,25,2,40.0,1000,40000,0,Чкаловский, Крестинского,8,Ботаническая
69,Жилищная стратегия,real_estate_agent,https://ekb.cian.ru/rent/flat/294968683/,Екатеринбург,rent,flat,3,5,2,43.9,421,18500,0,Верх-Исетский, Белореченская,9к1,Геологическая
70,ID 94618960,homeowner,https://ekb.cian.ru/rent/flat/278555337/,Екатеринбург,rent,flat,3,10,3,64.0,390,25000,0,Октябрьский, Латвийская,51,
71,РИМ,real_estate_agent,https://ekb.cian.ru/rent/flat/295049555/,Екатеринбург,rent,flat,9,19,3,90.0,777,70000,0,Автовокзал, Белинского,111,
72,БК-НЕДВИЖИМОСТЬ,real_estate_agent,https://ekb.cian.ru/rent/flat/295006443/,Екатеринбург,rent,flat,8,25,4,129.0,775,100000,0,Ленинский, Волгоградская,18А,
73,ID 93827471,unknown,https://ekb.cian.ru/rent/flat/294422560/,Екатеринбург,rent,flat,8,16,1,34.4,581,20000,0,Орджоникидзевский, Восстания,56к2,Проспект Космонавтов
74,Этажи Екатеринбург,real_estate_agent,https://ekb.cian.ru/rent/flat/294634586/,Екатеринбург,rent,flat,4,9,1,35.0,628,22000,0,Орджоникидзевский, Шефская,85,
75,Этажи Екатеринбург,real_estate_agent,https://ekb.cian.ru/rent/flat/294634574/,Екатеринбург,rent,flat,7,17,1,46.3,971,45000,0,Кировский,проспект Ленина,99А,
76,ID 95143479,homeowner,https://ekb.cian.ru/rent/flat/294254895/,Екатеринбург,rent,flat,3,5,3,70.0,314,22000,0,Чкаловский, Современников,25,Ботаническая
77,ЛИНК,real_estate_agent,https://ekb.cian.ru/rent/flat/294255012/,Екатеринбург,rent,flat,7,10,2,83.0,469,39000,0,Автовокзал, Щорса,39,Чкаловская
78,Новый ориентир,real_estate_agent,https://ekb.cian.ru/rent/flat/294770364/,Екатеринбург,rent,flat,2,5,2,45.1,576,26000,0,Октябрьский, Машинная,51,
79,Станислав Чубатюк,realtor,https://ekb.cian.ru/rent/flat/294969657/,Екатеринбург,rent,flat,7,8,1,21.0,714,15000,0,,,,
80,Л и ПАРТНЕРЫ,real_estate_agent,https://ekb.cian.ru/rent/flat/294498920/,Екатеринбург,rent,flat,30,33,1,40.7,921,37500,0,Верх-Исетский, Начдива Васильева,14,Геологическая
81,Новосёл,real_estate_agent,https://ekb.cian.ru/rent/flat/294493055/,Екатеринбург,rent,flat,5,16,1,34.7,634,22000,0,Верх-Исетский, Черепанова,32,Уральская
82,Максим Колясников,realtor,https://ekb.cian.ru/rent/flat/294714583/,Екатеринбург,rent,flat,3,14,1,38.0,605,23000,0,мкр. Академический, Академика Парина,41,
83,Вячеслав Шевченко,realtor,https://ekb.cian.ru/rent/flat/294811635/,Екатеринбург,rent,flat,2,5,2,45.0,633,28500,0,Чкаловский,переулок Краевой,1,Ботаническая
84,Этажи Екатеринбург,real_estate_agent,https://ekb.cian.ru/rent/flat/294634610/,Екатеринбург,rent,flat,4,9,3,88.0,568,50000,0,Центр, Энгельса,19,
85,ID 58298008,homeowner,https://ekb.cian.ru/rent/flat/294578491/,Екатеринбург,rent,flat,9,33,1,37.0,756,28000,0,Верх-Исетский, Заводская,73,Геологическая
86,Максим Колясников,realtor,https://ekb.cian.ru/rent/flat/294940633/,Екатеринбург,rent,flat,1,21,1,33.0,606,20000,0,, Анатолия Мехренцева,7,Геологическая
87,Вячеслав Шевченко,realtor,https://ekb.cian.ru/rent/flat/294881813/,Екатеринбург,rent,flat,1,5,1,32.0,656,21000,0,Кировский, Мира,1В,
88,Сергей Гаврин,realtor,https://ekb.cian.ru/rent/flat/294798946/,Екатеринбург,rent,flat,9,14,1,50.0,600,30000,0,Верх-Исетский, Татищева,100,Площадь 1905 года
89,Елена Соловьева,realtor,https://ekb.cian.ru/rent/flat/294828509/,Екатеринбург,rent,flat,11,15,2,55.0,545,30000,0,Железнодорожный, Ватутина,15,Уральская
90,Макромир Екатеринбург,real_estate_agent,https://ekb.cian.ru/rent/flat/294891007/,Екатеринбург,rent,flat,8,17,1,42.0,595,25000,0,мкр. Широкая Речка, Николая Кичигина,9,
91,FREE PEOPLE,real_estate_agent,https://ekb.cian.ru/rent/flat/294392769/,Екатеринбург,rent,flat,2,5,2,62.8,318,20000,0,Орджоникидзевский, Культуры,5,Уралмаш
92,Максим Колясников,realtor,https://ekb.cian.ru/rent/flat/290051026/,Екатеринбург,rent,flat,4,6,2,52.0,480,25000,0,Кировский, Солнечная,33,
93,АМЕГА,real_estate_agent,https://ekb.cian.ru/rent/flat/275072161/,Екатеринбург,rent,flat,10,19,2,70.0,500,35000,0,Кировский,переулок Шадринский,18,Динамо
94,ID 97338193,realtor,https://ekb.cian.ru/rent/flat/295015980/,Екатеринбург,rent,flat,18,25,1,25.0,600,15000,0,мкр. Широкая Речка, Евгения Савкова,17А,
95,Максим Колясников,realtor,https://ekb.cian.ru/rent/flat/294319260/,Екатеринбург,rent,flat,2,21,2,56.0,517,29000,0,Екатеринбург, Анатолия Мехренцева,5,
96,Новосёл,real_estate_agent,https://ekb.cian.ru/rent/flat/294075720/,Екатеринбург,rent,flat,12,18,3,96.4,622,60000,0,Октябрьский, Тверитина,34/7,Геологическая
97,ID 101667910,homeowner,https://ekb.cian.ru/rent/flat/285781509/,Екатеринбург,rent,flat,23,25,1,39.0,820,32000,0,Автовокзал, Чайковского,66А,Чкаловская
98,Этажи Екатеринбург,real_estate_agent,https://ekb.cian.ru/rent/flat/293828577/,Екатеринбург,rent,flat,5,31,1,43.2,532,23000,0,мкр. Академический, Академика Парина,39,
99,Максим Колясников,realtor,https://ekb.cian.ru/rent/flat/294734006/,Екатеринбург,rent,flat,16,23,1,42.0,714,30000,0,, Академика Парина,29,Чкаловская
100,Марина Коломиец,realtor,https://ekb.cian.ru/rent/flat/294445377/,Екатеринбург,rent,flat,5,5,3,100.0,300,30000,0,Орджоникидзевский, Хмелева,10,Уралмаш
101,ДОБРОДЕЛ,real_estate_agent,https://ekb.cian.ru/rent/flat/294804764/,Екатеринбург,rent,flat,3,9,2,42.9,582,25000,0,Верх-Исетский, Черепанова,18,
102,ДомИнвест,real_estate_agent,https://ekb.cian.ru/rent/flat/294878473/,Екатеринбург,rent,flat,2,17,2,70.0,571,40000,0,Верх-Исетский, Татищева,49,Площадь 1905 года
103,Ветер перемен,real_estate_agent,https://ekb.cian.ru/rent/flat/294730967/,Екатеринбург,rent,flat,5,5,1,30.0,566,17000,0,Чкаловский, Бисертская,6А,
104,БК-НЕДВИЖИМОСТЬ,real_estate_agent,https://ekb.cian.ru/rent/flat/294575569/,Екатеринбург,rent,flat,8,25,2,82.4,667,55000,0,Кировский, Педагогическая,28,
105,Максим Колясников,realtor,https://ekb.cian.ru/rent/flat/294656980/,Екатеринбург,rent,flat,10,16,1,40.0,625,25000,0,Железнодорожный,переулок Полимерный,13,Машиностроителей
106,Первая Мастерская Недвижимости,real_estate_agent,https://ekb.cian.ru/rent/flat/277772514/,Екатеринбург,rent,flat,10,16,3,85.0,317,27000,0,Железнодорожный, Кунарская,36,
107,Новосёл,real_estate_agent,https://ekb.cian.ru/rent/flat/293236755/,Екатеринбург,rent,flat,20,33,1,38.0,1184,45000,0,Автовокзал, Цвиллинга,7А/3,Чкаловская
108,Новосёл,real_estate_agent,https://ekb.cian.ru/rent/flat/293930543/,Екатеринбург,rent,flat,6,14,3,122.5,1142,140000,0,Центр, Хохрякова,48,Геологическая
109,ID 61572099,homeowner,https://ekb.cian.ru/rent/flat/286090970/,Екатеринбург,rent,flat,5,15,2,37.0,567,21000,0,мкр. Академический, Рябинина,49А,
110,Резиденция,real_estate_agent,https://ekb.cian.ru/rent/flat/294506368/,Екатеринбург,rent,flat,4,5,2,60.0,500,30000,0,Екатеринбург, Московская,2,
111,ЕКБ,real_estate_agent,https://ekb.cian.ru/rent/flat/291135470/,Екатеринбург,rent,flat,17,26,1,75.0,1200,90000,0,Центр, Шейнкмана,119,
112,ID 103692632,homeowner,https://ekb.cian.ru/rent/flat/288091883/,Екатеринбург,rent,flat,6,9,2,42.5,541,23000,0,Ленинский, Волгоградская,35,Чкаловская
113,Резиденция,real_estate_agent,https://ekb.cian.ru/rent/flat/294898426/,Екатеринбург,rent,flat,10,18,1,38.3,704,27000,0,Кировский, Смазчиков,3,
114,Ориентир. Недвижимость,real_estate_agent,https://ekb.cian.ru/rent/flat/280505854/,Екатеринбург,rent,flat,4,9,4,115.0,695,80000,0,Чкаловский, Родонитовая,26,Ботаническая
115,ID 107465569,homeowner,https://ekb.cian.ru/rent/flat/294811846/,Екатеринбург,rent,flat,11,12,1,35.0,771,27000,0,Кировский, Сулимова,39,Машиностроителей
116,ДОМОС,real_estate_agent,https://ekb.cian.ru/rent/flat/294942644/,Екатеринбург,rent,flat,3,6,1,34.0,588,20000,0,Чкаловский, Инженерная,11,
117,ДОМОС,real_estate_agent,https://ekb.cian.ru/rent/flat/294911695/,Екатеринбург,rent,flat,13,24,1,40.0,675,27000,0,мкр. Академический, Вильгельма де Геннина,49,
118,Михаил Кевхиев,realtor,https://ekb.cian.ru/rent/flat/294977382/,Екатеринбург,rent,flat,5,5,1,30.0,766,23000,0,Орджоникидзевский, Ильича,71В,Проспект Космонавтов
119,Максим Колясников,realtor,https://ekb.cian.ru/rent/flat/294715627/,Екатеринбург,rent,flat,16,24,1,38.0,684,26000,0,мкр. Академический, Рябинина,31,
120,Максим Колясников,realtor,https://ekb.cian.ru/rent/flat/293999684/,Екатеринбург,rent,flat,4,14,3,62.0,645,40000,0,Кировский, Боровая,29,Машиностроителей
121,ID 101784314,homeowner,https://ekb.cian.ru/rent/flat/288251470/,Екатеринбург,rent,flat,14,20,1,39.0,641,25000,0,, Рябинина,49А,Ботаническая
122,Резиденция,real_estate_agent,https://ekb.cian.ru/rent/flat/294651897/,Екатеринбург,rent,flat,4,5,2,58.5,495,29000,0,Ленинский, Кольцевая,29,
123,Центр недвижимости от Сбербанка,real_estate_agent,https://ekb.cian.ru/rent/flat/294676718/,Екатеринбург,rent,flat,3,17,2,62.0,483,30000,0,мкр. Академический,проспект Академика Сахарова,95/3,
124,ID 461166,realtor,https://ekb.cian.ru/rent/flat/294906894/,Екатеринбург,rent,flat,10,12,1,25.0,700,17500,0,Чкаловский, Лучистая,8,
125,БК-НЕДВИЖИМОСТЬ,real_estate_agent,https://ekb.cian.ru/rent/flat/294598034/,Екатеринбург,rent,flat,4,6,2,66.0,757,50000,0,Центр, Мичурина,132,
126,Елена Соловьева,realtor,https://ekb.cian.ru/rent/flat/294301395/,Екатеринбург,rent,flat,9,16,1,37.0,621,23000,0,Кировский, Учителей,18,Машиностроителей
127,ID 104501564,homeowner,https://ekb.cian.ru/rent/flat/294969333/,Екатеринбург,rent,flat,10,25,1,48.0,395,19000,0,Октябрьский, Куйбышева,98,Геологическая
128,Корифей,real_estate_agent,https://ekb.cian.ru/rent/flat/294829695/,Екатеринбург,rent,flat,6,16,1,45.0,666,30000,0,Автовокзал, Чапаева,23,Чкаловская
129,Бюро недвижимости Зыряновой,real_estate_agent,https://ekb.cian.ru/rent/flat/294167600/,Екатеринбург,rent,flat,14,20,1,38.0,921,35000,0,Автовокзал, Щорса,105,
130,Новосёл,real_estate_agent,https://ekb.cian.ru/rent/flat/294819454/,Екатеринбург,rent,flat,5,10,1,33.0,606,20000,0,Железнодорожный, Пехотинцев,3к3,Уралмаш
131,Елена Соловьева,realtor,https://ekb.cian.ru/rent/flat/272171086/,Екатеринбург,rent,flat,16,24,1,50.0,1100,55000,0,Центр, Куйбышева,41,Геологическая
132,Максим Колясников,realtor,https://ekb.cian.ru/rent/flat/294942238/,Екатеринбург,rent,flat,17,18,1,43.0,651,28000,0,,проспект Академика Сахарова,31А,Чкаловская
133,ID 109898790,homeowner,https://ekb.cian.ru/rent/flat/295015381/,Екатеринбург,rent,flat,5,9,1,32.0,718,23000,0,Кировский, Данилы Зверева,28,
134,Резиденция,real_estate_agent,https://ekb.cian.ru/rent/flat/294917982/,Екатеринбург,rent,flat,1,5,3,55.2,561,31000,0,Автовокзал, Щорса,64,
135,ГОРОД,real_estate_agent,https://ekb.cian.ru/rent/flat/294909715/,Екатеринбург,rent,flat,10,10,1,36.0,694,25000,0,Орджоникидзевский, Бакинских Комиссаров,109,Проспект Космонавтов
136,ID 19444567,realtor,https://ekb.cian.ru/rent/flat/294980911/,Екатеринбург,rent,flat,1,16,1,35.2,568,20000,0,Чкаловский, Чемпионов,4,Ботаническая
137,Новый ориентир,real_estate_agent,https://ekb.cian.ru/rent/flat/294642528/,Екатеринбург,rent,flat,20,32,2,42.0,928,39000,0,Верх-Исетский, Начдива Васильева,34,
138,Содружество,real_estate_agent,https://ekb.cian.ru/rent/flat/294902979/,Екатеринбург,rent,flat,4,5,2,42.4,542,23000,0,Кировский, Академическая,19Б,Динамо
139,ID 95804058,homeowner,https://ekb.cian.ru/rent/flat/295016190/,Екатеринбург,rent,flat,10,13,1,42.0,523,22000,0,Чкаловский, Рощинская,27,
140,Макромир Екатеринбург,real_estate_agent,https://ekb.cian.ru/rent/flat/294850852/,Екатеринбург,rent,flat,6,12,1,39.0,641,25000,0,Чкаловский, Аптекарская,47,
141,Этажи Екатеринбург,real_estate_agent,https://ekb.cian.ru/rent/flat/294480436/,Екатеринбург,rent,flat,21,23,2,41.39,604,25000,0,мкр. Академический, Академика Парина,31,
142,Олеся Белобородова,realtor,https://ekb.cian.ru/rent/flat/221260533/,Екатеринбург,rent,flat,3,21,3,59.0,508,30000,0,Ленинский, Краснолесья,10/3,
143,БЕЛКА,real_estate_agent,https://ekb.cian.ru/rent/flat/294196294/,Екатеринбург,rent,flat,1,9,1,34.1,733,25000,0,Верх-Исетский, Папанина,7к1,
144,Макромир Екатеринбург,real_estate_agent,https://ekb.cian.ru/rent/flat/293594444/,Екатеринбург,rent,flat,4,5,2,43.3,577,25000,0,Верх-Исетский, Крауля,61к2,
145,ID 96806781,homeowner,https://ekb.cian.ru/rent/flat/294613247/,Екатеринбург,rent,flat,4,10,2,56.0,446,25000,0,, Соболева,21к4,Геологическая
146,ДОМОС,real_estate_agent,https://ekb.cian.ru/rent/flat/293588004/,Екатеринбург,rent,flat,3,17,2,62.0,967,60000,0,Автовокзал, Машинная,3,
147,Анна Мэй,realtor,https://ekb.cian.ru/rent/flat/293935388/,Екатеринбург,rent,flat,23,25,2,44.4,1126,50000,0,Автовокзал, Циолковского,29А,Чкаловская
148,ID 104870354,homeowner,https://ekb.cian.ru/rent/flat/295048346/,Екатеринбург,rent,flat,5,10,2,46.0,500,23000,0,Верх-Исетский, Репина,84,Геологическая
149,Макромир Екатеринбург,real_estate_agent,https://ekb.cian.ru/rent/flat/294110265/,Екатеринбург,rent,flat,8,13,1,45.8,1310,60000,0,Центр, Хохрякова,63,
150,ДОБРОДЕЛ,real_estate_agent,https://ekb.cian.ru/rent/flat/293030281/,Екатеринбург,rent,flat,22,26,2,51.6,1356,70000,0,Центр, Куйбышева,41,Геологическая
151,ID 106506756,homeowner,https://ekb.cian.ru/rent/flat/291420255/,Екатеринбург,rent,flat,8,9,1,29.0,896,26000,0,Ленинский, Серафимы Дерябиной,30Б,Геологическая
152,Этажи Екатеринбург,real_estate_agent,https://ekb.cian.ru/rent/flat/294141332/,Екатеринбург,rent,flat,18,26,1,41.0,1951,80000,0,Центр, Радищева,41/2,
153,ID 84738565,homeowner,https://ekb.cian.ru/rent/flat/295066074/,Екатеринбург,rent,flat,13,26,2,53.8,446,24000,0,Орджоникидзевский,проспект Космонавтов,91Б,Проспект Космонавтов
154,ДОБРОДЕЛ,real_estate_agent,https://ekb.cian.ru/rent/flat/294719714/,Екатеринбург,rent,flat,4,5,1,30.0,566,17000,0,Чкаловский, Агрономическая,,Ботаническая
155,ДОБРОДЕЛ,real_estate_agent,https://ekb.cian.ru/rent/flat/294535451/,Екатеринбург,rent,flat,7,18,1,38.9,591,23000,0,Орджоникидзевский,,,Уралмаш
156,ID 107948037,unknown,https://ekb.cian.ru/rent/flat/294706275/,Екатеринбург,rent,flat,9,14,1,45.0,666,30000,0,Автовокзал, Союзная,4,Чкаловская
157,Формат,real_estate_agent,https://ekb.cian.ru/rent/flat/290868870/,Екатеринбург,rent,flat,4,9,2,43.0,651,28000,0,Автовокзал, Щорса,32,Чкаловская
158,Жилищная стратегия,real_estate_agent,https://ekb.cian.ru/rent/flat/294870656/,Екатеринбург,rent,flat,13,14,2,41.4,1449,60000,0,Октябрьский, Тверитина,41,Геологическая
159,Василий Горохов,realtor,https://ekb.cian.ru/rent/flat/294930972/,Екатеринбург,rent,flat,6,10,2,48.0,520,25000,0,Чкаловский,бульвар Тбилисский,13к1,Ботаническая
160,Высота,real_estate_agent,https://ekb.cian.ru/rent/flat/293813890/,Екатеринбург,rent,flat,3,11,2,80.0,1625,130000,0,Центр, Сакко и Ванцетти,99,
161,ДОБРОДЕЛ,real_estate_agent,https://ekb.cian.ru/rent/flat/294059461/,Екатеринбург,rent,flat,2,9,3,58.0,568,33000,0,Верх-Исетский, Викулова,42,Площадь 1905 года
162,ID 109898528,homeowner,https://ekb.cian.ru/rent/flat/295014879/,Екатеринбург,rent,flat,7,23,1,40.1,673,27000,0,, Академика Парина,31,Чкаловская
163,Новосёл,real_estate_agent,https://ekb.cian.ru/rent/flat/289461300/,Екатеринбург,rent,flat,9,12,3,66.1,756,50000,0,Центр, Шейнкмана,102,Геологическая
164,Ориентир. Недвижимость,real_estate_agent,https://ekb.cian.ru/rent/flat/292750520/,Екатеринбург,rent,flat,4,9,3,102.4,585,60000,0,Ленинский, Ясная,3,
165,ID 74343603,unknown,https://ekb.cian.ru/rent/flat/294964254/,Екатеринбург,rent,flat,3,5,1,32.1,623,20000,0,Центр, Малышева,75,
166,Новосёл,real_estate_agent,https://ekb.cian.ru/rent/flat/292764591/,Екатеринбург,rent,flat,10,25,3,98.0,765,75000,0,Октябрьский, Большакова,25,Геологическая
167,Этажи Екатеринбург,real_estate_agent,https://ekb.cian.ru/rent/flat/294247172/,Екатеринбург,rent,flat,8,9,3,60.7,658,40000,0,Орджоникидзевский, Электриков,23,
168,Елена Чистякова,realtor,https://ekb.cian.ru/rent/flat/276565488/,Екатеринбург,rent,flat,3,16,1,40.0,425,17000,0,Октябрьский, Ракетная,18,
169,БК-НЕДВИЖИМОСТЬ,real_estate_agent,https://ekb.cian.ru/rent/flat/294649673/,Екатеринбург,rent,flat,4,9,3,67.7,664,45000,0,Верх-Исетский, Бебеля,114,
170,Содружество,real_estate_agent,https://ekb.cian.ru/rent/flat/294467268/,Екатеринбург,rent,flat,3,7,2,43.0,581,25000,0,Кировский, Советская,16,Динамо
171,ID 109756432,homeowner,https://ekb.cian.ru/rent/flat/294961556/,Екатеринбург,rent,flat,2,9,2,65.0,461,30000,0,Чкаловский, Счастливая,16,
172,f.center,real_estate_agent,https://ekb.cian.ru/rent/flat/264293446/,Екатеринбург,rent,flat,2,11,2,63.0,2190,138000,0,Центр, Горького,36,Геологическая
173,Ольга Шестакова,realtor,https://ekb.cian.ru/rent/flat/291163383/,Екатеринбург,rent,flat,5,10,2,66.0,454,30000,0,Чкаловский, Академика Шварца,20к4,Ботаническая
174,ID 40533683,realtor,https://ekb.cian.ru/rent/flat/232506407/,Екатеринбург,rent,flat,2,9,1,27.0,851,23000,0,Автовокзал, Отто Шмидта,139,Чкаловская
175,f.center,real_estate_agent,https://ekb.cian.ru/rent/flat/292636351/,Екатеринбург,rent,flat,3,9,2,50.0,800,40000,0,Верх-Исетский, Шаумяна,93,Чкаловская
176,Ориентир. Недвижимость,real_estate_agent,https://ekb.cian.ru/rent/flat/294078954/,Екатеринбург,rent,flat,15,30,1,25.7,856,22000,0,Чкаловский, Рощинская,21к1,Ботаническая
177,ID 13638820,realtor,https://ekb.cian.ru/rent/flat/256118495/,Екатеринбург,rent,flat,5,18,1,42.0,523,22000,0,мкр. Широкая Речка, Хрустальногорская,88/2,
178,Новосёл,real_estate_agent,https://ekb.cian.ru/rent/flat/288343400/,Екатеринбург,rent,flat,14,16,3,92.0,500,46000,0,Автовокзал, Фурманова,66,Чкаловская
179,Новосёл,real_estate_agent,https://ekb.cian.ru/rent/flat/294236272/,Екатеринбург,rent,flat,7,14,3,119.0,588,70000,0,Верх-Исетский, Фролова,29,Площадь 1905 года
180,Высота,real_estate_agent,https://ekb.cian.ru/rent/flat/294751558/,Екатеринбург,rent,flat,4,25,1,34.0,823,28000,0,Автовокзал, Чайковского,78,
181,Априори-Недвижимость,real_estate_agent,https://ekb.cian.ru/rent/flat/294031019/,Екатеринбург,rent,flat,15,16,2,56.7,458,26000,0,мкр. Академический, Краснолесья,159,
182,Свои Люди,real_estate_agent,https://ekb.cian.ru/rent/flat/294991052/,Екатеринбург,rent,flat,9,14,1,24.0,1041,25000,0,мкр. Академический, Академика Парина,35,
183,ID 84655622,homeowner,https://ekb.cian.ru/rent/flat/294973361/,Екатеринбург,rent,flat,16,21,1,30.0,833,25000,0,Кировский, Блюхера,99,Машиностроителей
184,Европа Центр,real_estate_agent,https://ekb.cian.ru/rent/flat/295038423/,Екатеринбург,rent,flat,2,24,2,56.0,535,30000,0,Кировский, Блюхера,93,
185,М2,real_estate_agent,https://ekb.cian.ru/rent/flat/295033519/,Екатеринбург,rent,flat,3,27,1,46.0,652,30000,0,Центр, Азина,25,Уральская
186,ID 108210685,realtor,https://ekb.cian.ru/rent/flat/294982444/,Екатеринбург,rent,flat,8,8,1,25.0,800,20000,0,, Академика Парина,35,Геологическая
187,Ярмарка,real_estate_agent,https://ekb.cian.ru/rent/flat/294987074/,Екатеринбург,rent,flat,4,9,1,24.0,1250,30000,0,Центр, Белинского,30,
188,Все о недвижимости,real_estate_agent,https://ekb.cian.ru/rent/flat/295047068/,Екатеринбург,rent,flat,3,23,1,47.0,574,27000,0,Автовокзал, Авиационная,10,Чкаловская
189,ID 79514109,unknown,https://ekb.cian.ru/rent/flat/294843895/,Екатеринбург,rent,flat,6,9,1,33.0,606,20000,0,Чкаловский, Белинского,218/1,Ботаническая
190,Сергей Гаврин,realtor,https://ekb.cian.ru/rent/flat/294981802/,Екатеринбург,rent,flat,5,10,1,38.0,789,30000,0,Верх-Исетский, Московская,78,Геологическая
191,Сергей Гаврин,realtor,https://ekb.cian.ru/rent/flat/295070971/,Екатеринбург,rent,flat,8,25,1,40.0,1250,50000,0,Центр, Радищева,41,Геологическая
192,ID 108210685,realtor,https://ekb.cian.ru/rent/flat/294728861/,Екатеринбург,rent,flat,7,14,2,45.0,533,24000,0,, Рябинина,47,Геологическая
193,Все о недвижимости,real_estate_agent,https://ekb.cian.ru/rent/flat/295040491/,Екатеринбург,rent,flat,2,5,4,65.0,1076,70000,0,Кировский, Первомайская,76,Площадь 1905 года
194,Артем Сайфамлюков,realtor,https://ekb.cian.ru/rent/flat/295012657/,Екатеринбург,rent,flat,17,20,2,65.0,1076,70000,0,Центр, Гоголя,57,Геологическая
195,ID 13638820,realtor,https://ekb.cian.ru/rent/flat/294884082/,Екатеринбург,rent,flat,5,15,1,40.0,550,22000,0,, Вильгельма де Геннина,31,Геологическая
196,Артем Сайфамлюков,realtor,https://ekb.cian.ru/rent/flat/295012701/,Екатеринбург,rent,flat,7,11,2,74.0,1351,100000,0,Центр, Сакко и Ванцетти,99,Геологическая
197,МЕТРЫ,real_estate_agent,https://ekb.cian.ru/rent/flat/294866916/,Екатеринбург,rent,flat,1,5,2,43.0,465,20000,0,Железнодорожный,проспект Седова,37,Уральская
198,ID 94658286,homeowner,https://ekb.cian.ru/rent/flat/293975406/,Екатеринбург,rent,flat,7,18,1,31.4,796,25000,0,Октябрьский, Латвийская,56,Геологическая
199,Европа Центр,real_estate_agent,https://ekb.cian.ru/rent/flat/294969943/,Екатеринбург,rent,flat,3,3,2,42.0,595,25000,0,Кировский, Данилы Зверева,19,Машиностроителей
200,Европа Центр,real_estate_agent,https://ekb.cian.ru/rent/flat/294970437/,Екатеринбург,rent,flat,4,9,2,48.3,621,30000,0,Кировский, Лодыгина,8,Геологическая
201,ID 102235671,homeowner,https://ekb.cian.ru/rent/flat/287101221/,Екатеринбург,rent,flat,17,19,2,54.0,611,33000,0,Чкаловский, Самолетная,33,Ботаническая
202,Артем Сайфамлюков,realtor,https://ekb.cian.ru/rent/flat/294983666/,Екатеринбург,rent,flat,17,23,3,125.0,720,90000,0,Центр, Малышева,71А,Площадь 1905 года
203,Артем Сайфамлюков,realtor,https://ekb.cian.ru/rent/flat/295012950/,Екатеринбург,rent,flat,16,18,4,155.0,645,100000,0,Центр, Радищева,10,Геологическая
204,ID 108210685,realtor,https://ekb.cian.ru/rent/flat/294993813/,Екатеринбург,rent,flat,4,9,1,32.0,531,17000,0,Автовокзал, Машинная,40,Ботаническая
205,Артем Сайфамлюков,realtor,https://ekb.cian.ru/rent/flat/295012789/,Екатеринбург,rent,flat,4,20,3,110.0,1181,130000,0,Центр, Радищева,24,Геологическая
206,Артем Сайфамлюков,realtor,https://ekb.cian.ru/rent/flat/295013132/,Екатеринбург,rent,flat,15,20,3,100.0,1400,140000,0,Центр, Гоголя,18,Площадь 1905 года
207,ID 99940630,homeowner,https://ekb.cian.ru/rent/flat/294994770/,Екатеринбург,rent,flat,7,9,1,34.0,588,20000,0,Кировский, Новгородцевой,11,Площадь 1905 года
208,Европа Центр,real_estate_agent,https://ekb.cian.ru/rent/flat/294738157/,Екатеринбург,rent,flat,2,26,2,57.0,701,40000,0,Железнодорожный, Колмогорова,73к4,Уральская
209,ДэН,real_estate_agent,https://ekb.cian.ru/rent/flat/294423577/,Екатеринбург,rent,flat,1,5,2,43.0,581,25000,0,Центр, Сони Морозовой,175,Геологическая
210,Первая Мастерская Недвижимости,real_estate_agent,https://ekb.cian.ru/rent/flat/267825610/,Екатеринбург,rent,flat,5,9,3,65.0,538,35000,0,Кировский, Владимира Высоцкого,2,
211,Европа Центр,real_estate_agent,https://ekb.cian.ru/rent/flat/294471742/,Екатеринбург,rent,flat,2,16,1,35.0,600,21000,0,Железнодорожный,переулок Полимерный,13,Машиностроителей
212,Европа Центр,real_estate_agent,https://ekb.cian.ru/rent/flat/291908743/,Екатеринбург,rent,flat,23,25,1,35.0,571,20000,0,, Евгения Савкова,35/2,Геологическая
213,Высота,real_estate_agent,https://ekb.cian.ru/rent/flat/295015794/,Екатеринбург,rent,flat,6,22,1,43.0,627,27000,0,Ленинский, Громова,28,
214,Свои Люди,real_estate_agent,https://ekb.cian.ru/rent/flat/294453657/,Екатеринбург,rent,flat,6,12,2,35.0,742,26000,0,Орджоникидзевский, Ярославская,33,
215,Европа Центр,real_estate_agent,https://ekb.cian.ru/rent/flat/294702213/,Екатеринбург,rent,flat,8,12,2,60.0,600,36000,0,Октябрьский, Большакова,22к5,Геологическая
216,ID 108210685,realtor,https://ekb.cian.ru/rent/flat/294941845/,Екатеринбург,rent,flat,3,5,2,45.0,555,25000,0,Центр, Восточная,96,Геологическая
217,Все о недвижимости,real_estate_agent,https://ekb.cian.ru/rent/flat/294753262/,Екатеринбург,rent,flat,4,9,1,35.0,800,28000,0,Орджоникидзевский,проспект Космонавтов,35,Проспект Космонавтов
218,Артем Сайфамлюков,realtor,https://ekb.cian.ru/rent/flat/294690172/,Екатеринбург,rent,flat,11,25,2,70.0,785,55000,0,Верх-Исетский, Юмашева,11,Площадь 1905 года
219,ID 107948037,unknown,https://ekb.cian.ru/rent/flat/294982170/,Екатеринбург,rent,flat,3,19,2,45.0,666,29999,0,, Академика Ландау,14/3,Геологическая
220,Антон Кремлев,realtor,https://ekb.cian.ru/rent/flat/294687964/,Екатеринбург,rent,flat,10,10,4,250.0,600,150000,0,Центр, Хохрякова,75,Геологическая
221,Свои Люди,real_estate_agent,https://ekb.cian.ru/rent/flat/294648310/,Екатеринбург,rent,flat,2,19,2,58.5,683,40000,0,Автовокзал, Чапаева,72А,
222,ID 52443037,homeowner,https://ekb.cian.ru/rent/flat/289073038/,Екатеринбург,rent,flat,8,10,1,36.0,416,15000,0,Октябрьский, Латвийская,59,
223,Европа Центр,real_estate_agent,https://ekb.cian.ru/rent/flat/294276239/,Екатеринбург,rent,flat,3,19,2,81.0,493,40000,0,Автовокзал, Юлиуса Фучика,5,Ботаническая
224,Артем Сайфамлюков,realtor,https://ekb.cian.ru/rent/flat/294686256/,Екатеринбург,rent,flat,5,27,2,51.0,1078,55000,0,Верх-Исетский, Мельникова,27,Площадь 1905 года
225,ID 16423472,homeowner,https://ekb.cian.ru/rent/flat/294878380/,Екатеринбург,rent,flat,13,14,2,50.0,560,28000,0,, Рябинина,47,Геологическая
226,Антон Кремлев,realtor,https://ekb.cian.ru/rent/flat/294304578/,Екатеринбург,rent,flat,4,27,2,64.0,937,60000,0,Верх-Исетский, Мельникова,27,Геологическая
227,Антон Кремлев,realtor,https://ekb.cian.ru/rent/flat/294533303/,Екатеринбург,rent,flat,12,31,1,45.0,2444,110000,0,Верх-Исетский, Нагорная,12,Площадь 1905 года
228,Высота,real_estate_agent,https://ekb.cian.ru/rent/flat/294440251/,Екатеринбург,rent,flat,18,25,3,102.0,343,35000,0,Кировский, Владимира Высоцкого,5,Площадь 1905 года
229,Европа Центр,real_estate_agent,https://ekb.cian.ru/rent/flat/293888943/,Екатеринбург,rent,flat,1,9,3,64.0,703,45000,0,Верх-Исетский, Опалихинская,27,Уральская
230,Европа Центр,real_estate_agent,https://ekb.cian.ru/rent/flat/293939018/,Екатеринбург,rent,flat,8,15,2,65.5,458,30000,0,Орджоникидзевский, Бакинских Комиссаров,101,Проспект Космонавтов
231,ID 99473725,realtor,https://ekb.cian.ru/rent/flat/293619890/,Екатеринбург,rent,flat,12,25,1,33.0,606,20000,0,Орджоникидзевский,проспект Космонавтов,108И,Проспект Космонавтов
232,Артем Сайфамлюков,realtor,https://ekb.cian.ru/rent/flat/294690248/,Екатеринбург,rent,flat,10,15,1,45.0,888,40000,0,Центр, Азина,22/2,Уральская
233,Все о недвижимости,real_estate_agent,https://ekb.cian.ru/rent/flat/294893175/,Екатеринбург,rent,flat,2,5,2,44.0,681,30000,0,Октябрьский, Народной Воли,78,Геологическая
234,ID 109859738,homeowner,https://ekb.cian.ru/rent/flat/294971717/,Екатеринбург,rent,flat,4,5,1,29.4,612,18000,0,Железнодорожный, Ангарская,60,Уралмаш
235,Европа Центр,real_estate_agent,https://ekb.cian.ru/rent/flat/294925770/,Екатеринбург,rent,flat,9,9,1,37.0,1000,37000,0,Октябрьский, Куйбышева,76А,Геологическая
236,Европа Центр,real_estate_agent,https://ekb.cian.ru/rent/flat/294926889/,Екатеринбург,rent,flat,5,5,2,43.0,813,35000,0,Автовокзал, Чайковского,83,Чкаловская
237,ID 109801835,homeowner,https://ekb.cian.ru/rent/flat/295013092/,Екатеринбург,rent,flat,7,69,2,45.0,622,28000,0,Ленинский, Амундсена,64,Чкаловская
238,Все о недвижимости,real_estate_agent,https://ekb.cian.ru/rent/flat/294695211/,Екатеринбург,rent,flat,2,5,2,44.0,840,37000,0,Центр, Куйбышева,121А,
239,Европа Центр,real_estate_agent,https://ekb.cian.ru/rent/flat/294739731/,Екатеринбург,rent,flat,8,19,3,120.0,458,55000,0,Центр, Маршала Жукова,14,Площадь 1905 года
240,ID 49652326,homeowner,https://ekb.cian.ru/rent/flat/294576346/,Екатеринбург,rent,flat,8,17,2,41.0,609,25000,0,Ленинский, Академика Вонсовского,21,Чкаловская
241,Артем Сайфамлюков,realtor,https://ekb.cian.ru/rent/flat/294873132/,Екатеринбург,rent,flat,9,15,1,55.0,909,50000,0,Центр, Азина,22/2,Уральская
242,Артем Сайфамлюков,realtor,https://ekb.cian.ru/rent/flat/294868839/,Екатеринбург,rent,flat,19,32,2,55.0,1000,55000,0,Октябрьский, Ткачей,13,Чкаловская
243,ID 17316339,homeowner,https://ekb.cian.ru/rent/flat/294984674/,Екатеринбург,rent,flat,11,12,1,40.0,625,25000,0,Октябрьский, Байкальская,25,Геологическая
244,Артем Сайфамлюков,realtor,https://ekb.cian.ru/rent/flat/294690309/,Екатеринбург,rent,flat,19,25,2,67.0,895,60000,0,Верх-Исетский, Московская,66,Геологическая
245,Артем Сайфамлюков,realtor,https://ekb.cian.ru/rent/flat/294873056/,Екатеринбург,rent,flat,10,20,2,51.0,1470,75000,0,Центр, Попова,18,Площадь 1905 года
246,ID 109897283,homeowner,https://ekb.cian.ru/rent/flat/295015338/,Екатеринбург,rent,flat,6,12,2,48.5,515,25000,0,Автовокзал, Московская,209,Чкаловская
247,Антон Кремлев,realtor,https://ekb.cian.ru/rent/flat/294850881/,Екатеринбург,rent,flat,6,8,1,50.0,2000,100000,0,Центр, Попова,18,Площадь 1905 года
248,Сергей Гаврин,realtor,https://ekb.cian.ru/rent/flat/294657949/,Екатеринбург,rent,flat,12,26,2,56.0,892,50000,0,Центр, Куйбышева,41,Геологическая
249,ID 108210685,realtor,https://ekb.cian.ru/rent/flat/295010556/,Екатеринбург,rent,flat,11,14,1,22.0,909,20000,0,, Евгения Савкова,23,Геологическая
250,Артем Сайфамлюков,realtor,https://ekb.cian.ru/rent/flat/294937793/,Екатеринбург,rent,flat,7,25,1,40.0,875,35000,0,Кировский, Библиотечная,45,Площадь 1905 года
251,Наталья Лунау,realtor,https://ekb.cian.ru/rent/flat/294807725/,Екатеринбург,rent,flat,9,16,2,78.2,575,45000,0,Автовокзал, Циолковского,3,Чкаловская
252,ID 18179838,realtor,https://ekb.cian.ru/rent/flat/294711593/,Екатеринбург,rent,flat,5,11,2,60.0,416,25000,0,мкр. Академический, Краснолесья,93,
253,Сергей Гаврин,realtor,https://ekb.cian.ru/rent/flat/294517474/,Екатеринбург,rent,flat,20,21,2,65.0,769,50000,0,Автовокзал, Циолковского,57,Чкаловская
254,Артем Сайфамлюков,realtor,https://ekb.cian.ru/rent/flat/294688310/,Екатеринбург,rent,flat,23,25,1,55.0,909,50000,0,Верх-Исетский, Московская,66,Геологическая
255,ID 55101360,homeowner,https://ekb.cian.ru/rent/flat/294423795/,Екатеринбург,rent,flat,1,2,1,36.6,519,19000,0,Орджоникидзевский,тупик Балаклавский,3,Уралмаш
256,Европа Центр,real_estate_agent,https://ekb.cian.ru/rent/flat/291552699/,Екатеринбург,rent,flat,3,10,1,34.0,588,20000,0,Орджоникидзевский, Восстания,91,Проспект Космонавтов
257,Артем Сайфамлюков,realtor,https://ekb.cian.ru/rent/flat/294688495/,Екатеринбург,rent,flat,7,11,2,61.0,1065,65000,0,Центр, Сакко и Ванцетти,47,Площадь 1905 года
258,ID 19345961,homeowner,https://ekb.cian.ru/rent/flat/290778178/,Екатеринбург,rent,flat,3,5,3,60.0,666,40000,0,Центр, Первомайская,33,Динамо
259,Европа Центр,real_estate_agent,https://ekb.cian.ru/rent/flat/294926335/,Екатеринбург,rent,flat,5,9,1,35.0,1000,35000,0,Автовокзал, Отто Шмидта,44,Чкаловская
260,Все о недвижимости,real_estate_agent,https://ekb.cian.ru/rent/flat/294869652/,Екатеринбург,rent,flat,10,12,1,44.0,636,28000,0,Чкаловский, Щербакова,20,Ботаническая
261,ID 39824098,unknown,https://ekb.cian.ru/rent/flat/295001455/,Екатеринбург,rent,flat,4,16,1,39.0,692,27000,0,Ленинский, Серафимы Дерябиной,53А,
262,Артем Сайфамлюков,realtor,https://ekb.cian.ru/rent/flat/294872989/,Екатеринбург,rent,flat,17,22,1,45.0,844,38000,0,Верх-Исетский, Папанина,18,Площадь 1905 года
263,Артем Сайфамлюков,realtor,https://ekb.cian.ru/rent/flat/294868158/,Екатеринбург,rent,flat,14,16,2,100.0,700,70000,0,Центр, Белинского,32,
264,ID 108513032,homeowner,https://ekb.cian.ru/rent/flat/294344519/,Екатеринбург,rent,flat,21,24,1,39.7,755,30000,0,,проспект Академика Сахарова,76,Геологическая
265,Артем Сайфамлюков,realtor,https://ekb.cian.ru/rent/flat/294691833/,Екатеринбург,rent,flat,11,16,1,45.0,1000,45000,0,Центр, Степана Разина,2,Геологическая
266,ID 504992,realtor,https://ekb.cian.ru/rent/flat/294801996/,Екатеринбург,rent,flat,10,12,1,40.0,575,23000,0,Чкаловский, Родонитовая,36,Ботаническая
267,Все о недвижимости,real_estate_agent,https://ekb.cian.ru/rent/flat/294853604/,Екатеринбург,rent,flat,9,14,1,43.0,697,30000,0,, Рябинина,21,Геологическая
268,ID 101830506,homeowner,https://ekb.cian.ru/rent/flat/295047374/,Екатеринбург,rent,flat,3,25,1,42.7,737,31500,0,Чкаловский,Светлый мкр,4,
269,Сергей Гаврин,realtor,https://ekb.cian.ru/rent/flat/252081474/,Екатеринбург,rent,flat,3,20,4,125.0,640,80000,0,Центр, Радищева,18,Площадь 1905 года
270,Все о недвижимости,real_estate_agent,https://ekb.cian.ru/rent/flat/293245870/,Екатеринбург,rent,flat,9,9,4,78.3,510,40000,0,Кировский, Советская,52,Динамо
271,Высота,real_estate_agent,https://ekb.cian.ru/rent/flat/294658067/,Екатеринбург,rent,flat,1,5,1,33.0,545,18000,0,Чкаловский,переулок Коллективный,15,Ботаническая
272,Ярмарка,real_estate_agent,https://ekb.cian.ru/rent/flat/294949784/,Екатеринбург,rent,flat,8,15,3,85.3,820,70000,0,Верх-Исетский, Шевелева,7,
273,Европа Центр,real_estate_agent,https://ekb.cian.ru/rent/flat/291681850/,Екатеринбург,rent,flat,5,26,3,95.0,463,44000,0,Кировский, Раевского,6,Машиностроителей
274,Сергей Гаврин,realtor,https://ekb.cian.ru/rent/flat/230870935/,Екатеринбург,rent,flat,10,11,2,80.0,500,40000,0,Автовокзал, Чайковского,16,Чкаловская
275,Артем Сайфамлюков,realtor,https://ekb.cian.ru/rent/flat/294937798/,Екатеринбург,rent,flat,7,25,1,45.0,777,35000,0,Центр, Шейнкмана,88,Геологическая
276,Артем Сайфамлюков,realtor,https://ekb.cian.ru/rent/flat/294890877/,Екатеринбург,rent,flat,15,25,3,94.0,1276,120000,0,Центр, Шейнкмана,121,Геологическая
277,ID 102228147,homeowner,https://ekb.cian.ru/rent/flat/295055847/,Екатеринбург,rent,flat,24,37,1,37.7,848,32000,0,Железнодорожный, Готвальда,24/4,Уральская
278,Европа Центр,real_estate_agent,https://ekb.cian.ru/rent/flat/294926726/,Екатеринбург,rent,flat,3,12,1,43.0,930,40000,0,Автовокзал, Степана Разина,95,Чкаловская
279,Артем Сайфамлюков,realtor,https://ekb.cian.ru/rent/flat/294868605/,Екатеринбург,rent,flat,19,26,1,45.0,888,40000,0,Центр, Московская,77,Геологическая
280,ID 109211097,homeowner,https://ekb.cian.ru/rent/flat/294302998/,Екатеринбург,rent,flat,3,8,1,38.0,657,25000,0,, Хрустальногорская,87,Геологическая
281,Сергей Гаврин,realtor,https://ekb.cian.ru/rent/flat/292532759/,Екатеринбург,rent,flat,15,25,1,38.0,1842,70000,0,Октябрьский, Ткачей,19,Геологическая
282,Европа Центр,real_estate_agent,https://ekb.cian.ru/rent/flat/292823279/,Екатеринбург,rent,flat,12,31,2,45.0,2666,120000,0,Верх-Исетский, Нагорная,12,Площадь 1905 года
283,ID 108418096,homeowner,https://ekb.cian.ru/rent/flat/293386706/,Екатеринбург,rent,flat,3,10,1,35.1,569,20000,0,, Николая Кичигина,9/3,Геологическая
284,Все о недвижимости,real_estate_agent,https://ekb.cian.ru/rent/flat/294905661/,Екатеринбург,rent,flat,8,9,3,75.0,733,55000,0,Октябрьский, Бахчиванджи,15,Ботаническая
285,Европа Центр,real_estate_agent,https://ekb.cian.ru/rent/flat/294831673/,Екатеринбург,rent,flat,7,10,1,33.0,666,22000,0,Чкаловский, Агрономическая,26Б,
286,ID 76729432,homeowner,https://ekb.cian.ru/rent/flat/294399052/,Екатеринбург,rent,flat,16,25,1,38.0,631,24000,0,Кировский, 40-летия Комсомола,2Е,Площадь 1905 года
287,Артем Сайфамлюков,realtor,https://ekb.cian.ru/rent/flat/294869552/,Екатеринбург,rent,flat,19,27,1,45.0,1000,45000,0,Верх-Исетский, Мельникова,27,Площадь 1905 года
288,Антон Кремлев,realtor,https://ekb.cian.ru/rent/flat/294689965/,Екатеринбург,rent,flat,14,19,4,111.0,765,85000,0,Октябрьский, Белинского,86,Геологическая
289,ID 108210685,realtor,https://ekb.cian.ru/rent/flat/294075423/,Екатеринбург,rent,flat,8,32,1,39.0,641,25000,0,Кировский, Сулимова,3,
290,Все о недвижимости,real_estate_agent,https://ekb.cian.ru/rent/flat/294905772/,Екатеринбург,rent,flat,4,6,3,92.0,489,45000,0,Ленинский, Краснолесья,14к2,Чкаловская
291,Антон Кремлев,realtor,https://ekb.cian.ru/rent/flat/293688091/,Екатеринбург,rent,flat,8,10,3,100.0,800,80000,0,Центр, Энгельса,15,Площадь 1905 года
292,ID 102440657,homeowner,https://ekb.cian.ru/rent/flat/291487085/,Екатеринбург,rent,flat,1,2,2,41.5,481,20000,0,Чкаловский, Патриса Лумумбы,12,Ботаническая
293,Все о недвижимости,real_estate_agent,https://ekb.cian.ru/rent/flat/294536082/,Екатеринбург,rent,flat,4,23,2,44.0,795,35000,0,, Академика Парина,31,Чкаловская
294,Сергей Гаврин,realtor,https://ekb.cian.ru/rent/flat/290910901/,Екатеринбург,rent,flat,21,30,3,100.0,950,95000,0,Центр, Московская,75,Геологическая
295,ID 103157954,homeowner,https://ekb.cian.ru/rent/flat/287441637/,Екатеринбург,rent,flat,15,24,1,41.0,609,25000,0,Верх-Исетский, Татищева,54,Площадь 1905 года
296,Антон Кремлев,realtor,https://ekb.cian.ru/rent/flat/294850997/,Екатеринбург,rent,flat,11,16,1,43.0,1511,65000,0,Центр, Куйбышева,21,Геологическая
297,Артем Сайфамлюков,realtor,https://ekb.cian.ru/rent/flat/294686335/,Екатеринбург,rent,flat,17,26,3,110.0,636,70000,0,Центр, Московская,77,Геологическая
298,ID 107948037,unknown,https://ekb.cian.ru/rent/flat/294982268/,Екатеринбург,rent,flat,29,34,1,40.0,750,30000,0,Октябрьский, Белинского,177Ак3,Ботаническая
299,Европа Центр,real_estate_agent,https://ekb.cian.ru/rent/flat/294924423/,Екатеринбург,rent,flat,2,19,3,81.0,864,70000,0,Октябрьский, Белинского,86,Геологическая
300,Европа Центр,real_estate_agent,https://ekb.cian.ru/rent/flat/294926494/,Екатеринбург,rent,flat,7,26,1,42.0,1071,45000,0,Автовокзал,переулок Шаронова,31,Чкаловская
301,Антон Кремлев,realtor,https://ekb.cian.ru/rent/flat/294892790/,Екатеринбург,rent,flat,16,28,2,90.0,722,65000,0,Центр, Хохрякова,43,Геологическая
302,Антон Кремлев,realtor,https://ekb.cian.ru/rent/flat/294890924/,Екатеринбург,rent,flat,12,43,2,91.0,796,72500,0,Центр, Февральской Революции,15,Площадь 1905 года
303,ID 107948037,unknown,https://ekb.cian.ru/rent/flat/294984142/,Екатеринбург,rent,flat,1,10,1,21.0,1190,25000,0,Чкаловский, Дорожная,12,Ботаническая
304,Сергей Гаврин,realtor,https://ekb.cian.ru/rent/flat/278981239/,Екатеринбург,rent,flat,12,16,3,100.0,1400,140000,0,Центр, Гоголя,18,Площадь 1905 года
305,КИТ,real_estate_agent,https://ekb.cian.ru/rent/flat/294948027/,Екатеринбург,rent,flat,23,25,1,26.7,1048,28000,0,Орджоникидзевский, Парниковая,6,
306,ID 17185387,homeowner,https://ekb.cian.ru/rent/flat/294567502/,Екатеринбург,rent,flat,25,25,3,54.0,648,35000,0,Чкаловский,переулок Широкий,6,Ботаническая
307,Европа Центр,real_estate_agent,https://ekb.cian.ru/rent/flat/294945739/,Екатеринбург,rent,flat,10,22,2,68.0,808,55000,0,Автовокзал, Чапаева,72А,Чкаловская
308,Европа Центр,real_estate_agent,https://ekb.cian.ru/rent/flat/294945350/,Екатеринбург,rent,flat,4,5,4,98.0,510,50000,0,Кировский, Гагарина,33,Геологическая
309,ID 106118319,homeowner,https://ekb.cian.ru/rent/flat/290954292/,Екатеринбург,rent,flat,4,9,3,50.0,640,32000,0,Верх-Исетский, Татищева,77,Площадь 1905 года
310,Мария Сырова,realtor,https://ekb.cian.ru/rent/flat/282719670/,Екатеринбург,rent,flat,1,16,1,350.0,108,38000,0,мкр. Широкая Речка, Евгения Савкова,23,
311,Константин Стафилов,realtor,https://ekb.cian.ru/rent/flat/294495658/,Екатеринбург,rent,flat,2,12,2,79.0,632,50000,0,Верх-Исетский, Фролова,31,Площадь 1905 года
312,Дмитрий Русин,realtor,https://ekb.cian.ru/rent/flat/294542510/,Екатеринбург,rent,flat,13,16,3,130.0,384,50000,0,Октябрьский, Куйбышева,80к2,Геологическая
313,Антон Кремлев,realtor,https://ekb.cian.ru/rent/flat/293990485/,Екатеринбург,rent,flat,8,8,3,86.0,697,60000,0,Верх-Исетский, Юмашева,5,Площадь 1905 года
314,ID 12749140,unknown,https://ekb.cian.ru/rent/flat/294852848/,Екатеринбург,rent,flat,14,16,3,81.1,332,27000,0,Железнодорожный, Софьи Перовской,110,Машиностроителей
315,Антон Кремлев,realtor,https://ekb.cian.ru/rent/flat/294307054/,Екатеринбург,rent,flat,15,25,2,78.0,769,60000,0,Центр, Московская,75,Геологическая
316,Антон Кремлев,realtor,https://ekb.cian.ru/rent/flat/294533359/,Екатеринбург,rent,flat,12,31,2,45.0,2444,110000,0,Верх-Исетский, Нагорная,12,Площадь 1905 года
317,ID 89705378,realtor,https://ekb.cian.ru/rent/flat/294961551/,Екатеринбург,rent,flat,2,16,2,36.0,833,30000,0,Железнодорожный,переулок Полимерный,13,Машиностроителей
318,Антон Кремлев,realtor,https://ekb.cian.ru/rent/flat/294846932/,Екатеринбург,rent,flat,17,25,2,86.0,813,70000,0,Верх-Исетский, Московская,66,Геологическая
319,Евгений Давыденко,realtor,https://ekb.cian.ru/rent/flat/294552202/,Екатеринбург,rent,flat,9,25,3,84.0,833,70000,0,Верх-Исетский, Московская,66,Геологическая
320,ID 61692201,homeowner,https://ekb.cian.ru/rent/flat/294980355/,Екатеринбург,rent,flat,10,13,1,40.0,750,30000,0,, Вильгельма де Геннина,33,Геологическая
321,Сергей Гаврин,realtor,https://ekb.cian.ru/rent/flat/265998519/,Екатеринбург,rent,flat,6,20,1,55.0,1545,85000,0,Центр,набережная Олимпийская,9/1,Динамо
322,Гармония Вашего Дома,real_estate_agent,https://ekb.cian.ru/rent/flat/294028970/,Екатеринбург,rent,flat,8,12,1,42.0,523,22000,0,Ленинский,бульвар Академика Н.А. Семихатова,6,Чкаловская
323,ID 82449616,homeowner,https://ekb.cian.ru/rent/flat/295047727/,Екатеринбург,rent,flat,2,9,2,47.4,548,26000,0,Кировский, Сыромолотова,15,
324,Северная казна Бюро,real_estate_agent,https://ekb.cian.ru/rent/flat/294069847/,Екатеринбург,rent,flat,7,9,1,37.0,540,20000,0,Чкаловский, Счастливая,4,
325,Европа Центр,real_estate_agent,https://ekb.cian.ru/rent/flat/289833654/,Екатеринбург,rent,flat,2,20,1,50.0,1700,85000,0,Центр,набережная Олимпийская,9/2,Динамо
326,ID 64876177,realtor,https://ekb.cian.ru/rent/flat/294995038/,Екатеринбург,rent,flat,11,16,1,36.0,694,25000,0,Железнодорожный,переулок Полимерный,13,Машиностроителей
327,Сергей Гаврин,realtor,https://ekb.cian.ru/rent/flat/283425223/,Екатеринбург,rent,flat,3,25,2,65.0,1384,90000,0,Центр,набережная Олимпийская,9/1,Динамо
328,Сергей Гаврин,realtor,https://ekb.cian.ru/rent/flat/268998044/,Екатеринбург,rent,flat,13,27,3,150.0,1000,150000,0,Центр, Шейнкмана,119,Геологическая
329,Сергей Гаврин,realtor,https://ekb.cian.ru/rent/flat/291722377/,Екатеринбург,rent,flat,6,10,3,120.0,458,55000,0,Центр, Сони Морозовой,190,Геологическая
330,Алексей Чернявский,realtor,https://ekb.cian.ru/rent/flat/294973626/,Екатеринбург,rent,flat,8,22,2,68.7,363,25000,0,Центр, Азина,25,Уральская
331,ID 41806265,homeowner,https://ekb.cian.ru/rent/flat/295027445/,Екатеринбург,rent,flat,3,14,2,53.0,792,42000,0,Центр, Шейнкмана,124,Геологическая
332,ID 49611766,unknown,https://ekb.cian.ru/rent/flat/294968925/,Екатеринбург,rent,flat,7,15,1,30.0,1166,35000,0,Октябрьский, Онежская,4,Ботаническая
333,ID 108210685,realtor,https://ekb.cian.ru/rent/flat/294969627/,Екатеринбург,rent,flat,11,25,1,37.0,729,27000,0,Кировский, Блюхера,99,Машиностроителей
334,ID 89705378,realtor,https://ekb.cian.ru/rent/flat/294985358/,Екатеринбург,rent,flat,5,5,2,48.0,479,23000,0,Верх-Исетский, Шаумяна,90,Чкаловская
335,Риэлтерский центр Недвижимость,real_estate_agent,https://ekb.cian.ru/rent/flat/294982345/,Екатеринбург,rent,flat,12,18,2,65.0,615,40000,0,Орджоникидзевский, Красных Командиров,21,Проспект Космонавтов
336,Высота,real_estate_agent,https://ekb.cian.ru/rent/flat/294984440/,Екатеринбург,rent,flat,3,5,2,45.0,577,26000,0,Кировский, Мира,2,Динамо
337,ID 107948037,unknown,https://ekb.cian.ru/rent/flat/294982874/,Екатеринбург,rent,flat,7,22,1,35.0,857,29999,0,Верх-Исетский, Папанина,18,Площадь 1905 года
338,ID 107948037,unknown,https://ekb.cian.ru/rent/flat/294974605/,Екатеринбург,rent,flat,2,10,1,45.0,533,24000,0,Октябрьский, Латвийская,59,Геологическая
339,ID 58293784,unknown,https://ekb.cian.ru/rent/flat/295048480/,Екатеринбург,rent,flat,3,25,1,40.0,625,25000,0,, Академика Парина,31,Чкаловская
340,ID 87164785,homeowner,https://ekb.cian.ru/rent/flat/294881654/,Екатеринбург,rent,flat,4,24,3,70.0,500,35000,0,Ленинский, Амундсена,118,Чкаловская
341,ID 107948037,unknown,https://ekb.cian.ru/rent/flat/294982492/,Екатеринбург,rent,flat,4,10,1,35.0,714,25000,0,Чкаловский, Прониной,27,Ботаническая
342,ID 107948037,unknown,https://ekb.cian.ru/rent/flat/294983828/,Екатеринбург,rent,flat,14,20,1,40.0,625,25000,0,Чкаловский, Рощинская,44,Ботаническая
343,ID 70644988,homeowner,https://ekb.cian.ru/rent/flat/294917910/,Екатеринбург,rent,flat,11,14,3,70.0,500,35000,0,Верх-Исетский, Викулова,48,Геологическая
344,ID 12966308,realtor,https://ekb.cian.ru/rent/flat/295072464/,Екатеринбург,rent,flat,3,9,1,35.0,714,25000,0,Верх-Исетский, Гурзуфская,22,Геологическая
345,ID 20547473,unknown,https://ekb.cian.ru/rent/flat/295027861/,Екатеринбург,rent,flat,4,12,2,48.0,625,30000,0,Верх-Исетский, Викулова,38,Площадь 1905 года
346,ID 108210685,realtor,https://ekb.cian.ru/rent/flat/294986300/,Екатеринбург,rent,flat,6,10,3,110.0,272,30000,0,Кировский,бульвар Сиреневый,4к4,Геологическая
347,Высота,real_estate_agent,https://ekb.cian.ru/rent/flat/294999176/,Екатеринбург,rent,flat,7,9,2,48.0,583,28000,0,Кировский, Сыромолотова,16,Геологическая
348,ID 51161814,unknown,https://ekb.cian.ru/rent/flat/295002815/,Екатеринбург,rent,flat,4,23,1,39.7,629,25000,0,, Рябинина,29,Геологическая
349,ID 109832031,homeowner,https://ekb.cian.ru/rent/flat/295028372/,Екатеринбург,rent,flat,14,17,2,47.9,563,27000,0,Орджоникидзевский, Электриков,5,Машиностроителей
350,ID 15464052,unknown,https://ekb.cian.ru/rent/flat/295010194/,Екатеринбург,rent,flat,22,29,1,42.0,619,26000,0,Орджоникидзевский, Кировградская,4,Уралмаш
351,ID 97571247,homeowner,https://ekb.cian.ru/rent/flat/295001816/,Екатеринбург,rent,flat,3,22,3,70.0,500,35000,0,Автовокзал, Чапаева,72А,Чкаловская
352,ID 101184277,homeowner,https://ekb.cian.ru/rent/flat/285219944/,Екатеринбург,rent,flat,9,26,1,22.0,909,20000,0,мкр. Широкая Речка, Евгения Савкова,17А,
353,ID 15355166,homeowner,https://ekb.cian.ru/rent/flat/295040736/,Екатеринбург,rent,flat,2,2,3,65.0,538,35000,0,Орджоникидзевский, 22-го Партсъезда,11А,Уралмаш
354,ID 107948037,unknown,https://ekb.cian.ru/rent/flat/294984729/,Екатеринбург,rent,flat,15,18,1,50.0,660,33000,0,Автовокзал, Машинная,3А,Чкаловская
355,ID 102765173,homeowner,https://ekb.cian.ru/rent/flat/294727740/,Екатеринбург,rent,flat,16,18,1,40.0,750,30000,0,Автовокзал, Щорса,103,Чкаловская
356,ID 52706546,unknown,https://ekb.cian.ru/rent/flat/294991416/,Екатеринбург,rent,flat,4,6,3,60.0,616,37000,0,, Челюскинцев,29,Уральская
357,ID 107948037,unknown,https://ekb.cian.ru/rent/flat/294984482/,Екатеринбург,rent,flat,8,27,1,30.0,1166,35000,0,Верх-Исетский, Мельникова,27,Площадь 1905 года
358,ID 109722976,homeowner,https://ekb.cian.ru/rent/flat/294864030/,Екатеринбург,rent,flat,4,16,1,40.0,675,27000,0,Чкаловский, Крестинского,4,Ботаническая
359,ID 107948037,unknown,https://ekb.cian.ru/rent/flat/294981526/,Екатеринбург,rent,flat,9,27,1,44.0,909,40000,0,Автовокзал, Циолковского,27,Чкаловская
360,ID 46834112,realtor,https://ekb.cian.ru/rent/flat/294996074/,Екатеринбург,rent,flat,16,20,1,47.0,851,40000,0,Автовокзал, Николая Островского,1,Чкаловская
361,ID 104079381,homeowner,https://ekb.cian.ru/rent/flat/294857182/,Екатеринбург,rent,flat,4,20,1,33.0,848,28000,0,Октябрьский, Хуторская,1,Ботаническая
362,Виктория Криворучко,realtor,https://ekb.cian.ru/rent/flat/294991899/,Екатеринбург,rent,flat,9,24,2,50.0,700,35000,0,Автовокзал, 8 Марта,190,Чкаловская
363,ID 46834112,realtor,https://ekb.cian.ru/rent/flat/294997357/,Екатеринбург,rent,flat,14,28,2,54.0,833,45000,0,Верх-Исетский, Юмашева,1,Площадь 1905 года
364,ID 45196205,homeowner,https://ekb.cian.ru/rent/flat/294367995/,Екатеринбург,rent,flat,5,5,1,27.0,1296,35000,0,Верх-Исетский, Евгения Савкова,46,
365,Виктория Криворучко,realtor,https://ekb.cian.ru/rent/flat/294992462/,Екатеринбург,rent,flat,13,21,2,64.0,734,47000,0,Верх-Исетский, Мельникова,38,Площадь 1905 года
366,ID 49611766,unknown,https://ekb.cian.ru/rent/flat/294969614/,Екатеринбург,rent,flat,13,15,1,44.0,1090,48000,0,Октябрьский, Онежская,4,Ботаническая
367,ID 52092533,homeowner,https://ekb.cian.ru/rent/flat/294952564/,Екатеринбург,rent,flat,30,31,1,47.6,525,25000,0,мкр. Академический, Академика Парина,39,
368,ID 58410264,homeowner,https://ekb.cian.ru/rent/flat/295042095/,Екатеринбург,rent,flat,4,12,1,47.0,957,45000,0,Ленинский, Шаумяна,81А,Чкаловская
369,ID 92091778,unknown,https://ekb.cian.ru/rent/flat/294989132/,Екатеринбург,rent,flat,2,5,2,43.0,1023,44000,0,Железнодорожный, Челюскинцев,33А,Уральская
370,ID 108210685,realtor,https://ekb.cian.ru/rent/flat/294968836/,Екатеринбург,rent,flat,4,9,3,62.0,516,32000,0,Кировский, Блюхера,47А,Динамо
371,ID 46834112,realtor,https://ekb.cian.ru/rent/flat/294997092/,Екатеринбург,rent,flat,12,16,2,61.0,819,50000,0,Центр, Куйбышева,21,Геологическая
372,ID 46834112,realtor,https://ekb.cian.ru/rent/flat/295014132/,Екатеринбург,rent,flat,20,23,2,86.0,662,57000,0,Центр, Белинского,108,Геологическая
373,ID 55711195,unknown,https://ekb.cian.ru/rent/flat/292475761/,Екатеринбург,rent,flat,6,18,1,51.0,450,23000,0,, Академика Ландау,14,Геологическая
374,ID 46834112,realtor,https://ekb.cian.ru/rent/flat/295013565/,Екатеринбург,rent,flat,22,34,2,55.0,1090,60000,0,Центр, Горького,69/1,Геологическая
375,ID 108210685,realtor,https://ekb.cian.ru/rent/flat/294515562/,Екатеринбург,rent,flat,3,9,1,33.0,757,25000,0,Центр, Восточная,86,Геологическая
376,Елена Давыдова,realtor,https://ekb.cian.ru/rent/flat/294967851/,Екатеринбург,rent,flat,12,16,3,75.0,1200,90000,0,Центр, Радищева,33,Геологическая
377,ID 49611766,unknown,https://ekb.cian.ru/rent/flat/294968804/,Екатеринбург,rent,flat,10,36,3,78.0,1089,85000,0,Автовокзал, Цвиллинга,7А/3,Чкаловская
378,Первая Мастерская Недвижимости,real_estate_agent,https://ekb.cian.ru/rent/flat/294691865/,Екатеринбург,rent,flat,4,10,2,60.0,500,30000,0,Чкаловский, Дорожная,11,Ботаническая
379,ID 89705378,realtor,https://ekb.cian.ru/rent/flat/294690020/,Екатеринбург,rent,flat,9,28,2,60.0,416,25000,0,Чкаловский,переулок Сызранский,17,Ботаническая
380,ID 108210685,realtor,https://ekb.cian.ru/rent/flat/294968805/,Екатеринбург,rent,flat,4,9,2,62.0,435,27000,0,Кировский, Блюхера,47А,Динамо
381,ID 108210685,realtor,https://ekb.cian.ru/rent/flat/294990391/,Екатеринбург,rent,flat,4,19,2,45.0,666,30000,0,Орджоникидзевский, Стачек,4,Машиностроителей
382,ID 108210685,realtor,https://ekb.cian.ru/rent/flat/295028109/,Екатеринбург,rent,flat,4,22,3,70.0,500,35000,0,Кировский, Ирбитская,13,Машиностроителей
383,ID 108210685,realtor,https://ekb.cian.ru/rent/flat/295028035/,Екатеринбург,rent,flat,4,22,2,70.0,500,35000,0,Кировский, Ирбитская,13,Машиностроителей
384,ID 88366659,unknown,https://ekb.cian.ru/rent/flat/294992551/,Екатеринбург,rent,flat,10,16,2,51.6,949,49000,0,Верх-Исетский, Опалихинская,40,Уральская
385,ID 109877328,homeowner,https://ekb.cian.ru/rent/flat/294987665/,Екатеринбург,rent,flat,17,31,1,42.4,825,35000,0,Ленинский, Московская,198,Чкаловская
386,ID 86319814,homeowner,https://ekb.cian.ru/rent/flat/295069300/,Екатеринбург,rent,flat,10,12,3,65.0,615,40000,0,Кировский, Новгородцевой,5/1,
387,Высота,real_estate_agent,https://ekb.cian.ru/rent/flat/294512032/,Екатеринбург,rent,flat,3,24,3,90.0,444,40000,0,Кировский, Студенческая,80,Площадь 1905 года
388,ID 109885690,homeowner,https://ekb.cian.ru/rent/flat/294996012/,Екатеринбург,rent,flat,13,32,2,63.0,714,45000,0,Чкаловский,Светлый мкр,5,Ботаническая
389,ID 51315956,homeowner,https://ekb.cian.ru/rent/flat/295018030/,Екатеринбург,rent,flat,9,9,3,79.0,506,40000,0,Чкаловский, Шишимская,19,Ботаническая
390,ID 109679561,homeowner,https://ekb.cian.ru/rent/flat/294778273/,Екатеринбург,rent,flat,14,25,1,41.0,731,30000,0,Чкаловский, Профсоюзная,43,Ботаническая
